{
  "$schema": "https://openapi.vercel.sh/vercel.json",
  "framework": "nextjs",
  "ignoreCommand": "git diff --quiet HEAD^ HEAD ./",
  "headers": [
    {
      "source": "/(.*)",
      "headers": [
        {
          "key": "X-Content-Type-Options",
          "value": "nosniff"
        },
        {
          "key": "X-Frame-Options",
          "value": "DENY"
        },
        {
          "key": "X-XSS-Protection",
          "value": "1; mode=block"
        },
        {
          "key": "Referrer-Policy",
          "value": "strict-origin-when-cross-origin"
        },
        {
          "key": "Permissions-Policy",
          "value": "serial=*"
        }
      ]
    }
  ],
  "rewrites": [
    {
      "source": "/talos_logo.png",
      "destination": "/talos_logo.png"
    }
  ]
}
